,0
segmentation,96
data,58
images,52
performance,52
image,51
cardiac,48
learning,48
models,46
deep,43
imaging,42
methods,42
model,41
different,35
medical,34
proposed,34
however,34
mri,33
using,32
datasets,32
clinical,31
analysis,29
resonance,29
information,29
magnetic,28
results,28
cmr,28
method,27
,27
tasks,26
approach,25
propose,25
two,25
used,25
diagnosis,24
dataset,24
accuracy,23
challenge,22
stateoftheart,21
training,21
domain,20
heart,19
right,19
paper,19
framework,18
task,18
features,18
networks,18
neural,18
trained,18
use,18
network,18
dice,17
ventricular,17
left,17
cardiovascular,17
mr,17
based,17
novel,17
applications,17
automatic,16
better,16
study,16
work,16
patients,16
compared,15
disease,15
automated,15
well,15
1,15
la,15
due,15
also,15
first,14
approaches,14
evaluate,14
shape,14
provide,14
important,14
one,14
new,14
without,14
rv,14
function,14
set,14
challenging,14
2,14
distance,13
attention,13
various,13
demonstrate,13
across,13
improve,13
hausdorff,13
robustness,13
accurate,13
high,12
dl,12
manual,12
multiple,12
architecture,12
3d,12
achieved,12
ventricle,12
current,12
good,11
time,11
experiments,11
three,11
development,11
large,11
subjects,11
improved,11
review,11
potential,11
convolutional,11
quality,11
multiview,11
unet,11
challenges,11
processing,11
including,11
classification,11
techniques,11
shortaxis,11
ai,10
train,10
structures,10
evaluated,10
acquisition,10
several,10
practice,10
multivendor,10
shown,10
complex,10
show,10
essential,10
respectively,10
need,10
algorithms,10
multicenter,10
problem,10
studies,10
regions,10
input,9
step,9
critical,9
segment,9
variability,9
views,9
many,9
mm,9
public,9
multidisease,9
provided,9
existing,9
distribution,9
problems,9
feature,9
score,9
myocardial,9
sa,9
vision,9
research,9
differences,9
lv,9
thus,9
available,9
limitations,9
present,9
comprehensive,8
context,8
domains,8
acquired,8
may,8
healthy,8
shifts,8
still,8
3,8
volume,8
space,8
myocardium,8
assessment,8
process,8
segmentations,8
since,8
field,8
generated,8
computer,8
optimization,8
representation,8
design,8
four,8
metrics,8
finally,8
applied,8
global,8
test,8
moreover,8
average,8
parameters,8
module,8
distributions,8
adaptation,8
obtained,8
pathologies,8
made,7
longaxis,7
particularly,7
fusion,7
semantic,7
future,7
poor,7
nnunet,7
recent,7
effective,7
acdc,7
quantification,7
performed,7
via,7
developed,7
detection,7
generalization,7
scanner,7
demonstrated,7
among,7
maps,7
achieves,7
provides,7
especially,7
measurements,7
motion,7
anatomy,7
low,7
showed,7
strategy,7
registration,7
recently,7
diseases,7
machine,7
cine,7
representations,7
transformer,7
unseen,7
explore,7
significantly,7
single,7
number,7
robust,7
specific,7
multiscale,6
reconstruction,6
view,6
possible,6
layers,6
interest,6
artificial,6
terms,6
intelligence,6
technique,6
segmenting,6
allows,6
address,6
encoder,6
segmented,6
short,6
privacy,6
increase,6
issue,6
improves,6
learningbased,6
control,6
2d,6
centres,6
cohort,6
tested,6
characteristics,6
reference,6
sets,6
increasing,6
underlying,6
transformers,6
efficient,6
4,6
improving,6
amount,6
target,6
hence,6
quantitative,6
often,6
range,6
mms,6
healthcare,6
required,6
scores,6
baseline,6
0001,6
local,6
scans,6
despite,6
commonly,6
introduce,6
lge,6
gap,6
widely,6
workflow,6
brain,6
cavity,6
strategies,6
type,5
main,5
anatomical,5
solutions,5
promising,5
addition,5
investigate,5
key,5
create,5
transformation,5
simulated,5
vendors,5
building,5
fully,5
disentanglement,5
works,5
basal,5
application,5
appearance,5
timeconsuming,5
abstract,5
solution,5
requires,5
sampling,5
automatically,5
predictive,5
ejection,5
related,5
annotation,5
aims,5
optimal,5
develop,5
scenarios,5
namely,5
spatial,5
particular,5
core,5
consists,5
improvement,5
associated,5
methodology,5
conventional,5
mechanism,5
labels,5
original,5
generalizability,5
specifically,5
values,5
manually,5
second,5
mechanisms,5
great,5
gan,5
end,5
years,5
scar,5
dsc,5
achieve,5
endtoend,5
evaluation,5
efficiency,5
furthermore,5
agreement,5
gradient,5
computational,5
reliable,5
regularization,5
slices,5
volumes,5
useful,5
others,5
overview,5
synthetic,5
focus,5
enabling,5
centre,5
testing,5
enable,5
validation,5
cardiomyopathy,5
tissue,5
improvements,5
treatment,5
aim,5
selection,5
traditional,5
additional,5
order,5
loss,5
assess,5
pipelines,5
prior,5
experimental,5
ensure,5
contrast,5
ability,5
ct,4
sequences,4
shapes,4
significant,4
identifying,4
additionally,4
multicentre,4
statistical,4
algorithm,4
reduces,4
although,4
axis,4
late,4
centers,4
included,4
validated,4
thin,4
extensive,4
surface,4
cases,4
fl,4
collected,4
knowledge,4
projection,4
complexity,4
difficult,4
predicted,4
etc,4
external,4
diabetes,4
describe,4
uses,4
tracking,4
implemented,4
augmentation,4
correlation,4
learn,4
encoding,4
perform,4
estimation,4
developments,4
make,4
crucial,4
resulted,4
points,4
introduced,4
bias,4
reduce,4
could,4
general,4
phase,4
generalize,4
systems,4
supervision,4
cnn,4
ood,4
directly,4
morphology,4
corresponding,4
competitive,4
observed,4
evaluations,4
pretrained,4
layer,4
resolution,4
far,4
map,4
localization,4
experts,4
system,4
pixelwise,4
mms2,4
sites,4
conclusions,4
functional,4
generalisation,4
discuss,4
literature,4
wide,4
combining,4
hcm,4
discussed,4
understand,4
learned,4
effectiveness,4
radiomics,4
comparable,4
open,4
major,4
extraction,4
region,4
yet,4
strong,4
metric,4
consistency,4
source,4
accurately,4
times,4
require,4
proposes,4
decisions,4
substructures,4
settings,4
benchmark,4
mass,4
roi,4
identification,4
language,4
errors,4
natural,4
adversarial,4
excellent,4
small,4
needs,4
decoder,4
hypertension,4
indicates,4
emerged,4
interpretability,4
variance,4
researchers,4
lack,4
mean,4
difference,4
consistent,4
samples,4
leading,4
synthesis,4
relevant,3
value,3
dropout,3
factors,3
apex,3
40,3
indicating,3
costly,3
borders,3
reliability,3
vae,3
highly,3
generating,3
reasonable,3
effect,3
pretraining,3
resources,3
human,3
lesions,3
modules,3
descent,3
35,3
hybrid,3
outperforms,3
extensively,3
become,3
guarantee,3
boundary,3
adapted,3
conduct,3
simultaneously,3
style,3
promise,3
resulting,3
superior,3
expert,3
utilize,3
largely,3
6,3
chambers,3
annotated,3
uncertainty,3
computing,3
shows,3
besides,3
called,3
miccai,3
continuous,3
refine,3
simple,3
2020,3
jointly,3
mris,3
ventricles,3
2021,3
capturing,3
explainability,3
dcm,3
cvd,3
architectures,3
100,3
controls,3
cycle,3
coefficient,3
variational,3
dilated,3
share,3
masks,3
epochs,3
diverse,3
rfg3,3
usually,3
advances,3
precise,3
overweight,3
branch,3
basic,3
reduced,3
complete,3
planning,3
presented,3
classified,3
sequence,3
five,3
bridge,3
regression,3
linear,3
r,3
necessary,3
rather,3
clinically,3
million,3
along,3
area,3
successfully,3
pathology,3
sgd,3
generative,3
fraction,3
ml,3
binary,3
005,3
intermediate,3
allow,3
inputs,3
underwent,3
care,3
protocols,3
routines,3
overall,3
detect,3
correct,3
patterns,3
generate,3
contains,3
emerging,3
close,3
aspects,3
strain,3
assessing,3
overfitting,3
predictions,3
cad,3
indices,3
measure,3
background,3
delineations,3
publicly,3
trabeculae,3
fundamental,3
prediction,3
truth,3
per,3
real,3
ground,3
involved,3
estimate,3
dysfunction,3
failure,3
total,3
scars,3
conclude,3
extends,3
spatiotemporal,3
largescale,3
benefit,3
best,3
hd,3
site,3
us,3
computed,3
anomaly,3
predict,3
weights,3
find,3
clinicians,3
variety,3
addressing,3
matched,3
obtain,3
preservation,3
tumours,3
analyze,3
rich,3
adoption,3
trustworthy,3
modeling,3
phases,3
output,3
highlighting,3
segments,3
remains,3
mapping,3
abstractwe,3
fluid,3
classes,3
outperform,3
latent,3
directions,3
areas,3
participants,3
hypothesis,3
ii,3
manipulation,3
mostly,3
tools,3
higher,3
concepts,3
transfer,3
article,3
structure,3
boost,3
30,3
disentangled,3
generation,3
enhancement,3
residual,3
arvc,3
pipeline,3
calculated,3
whole,3
case,3
gaussian,3
increased,3
designed,3
gadolinium,3
ensembles,3
choices,3
according,3
tfc,3
modalities,3
blocks,3
early,3
capability,3
outcomes,3
tackle,3
considered,3
unlabeled,3
atrial,3
trains,3
issues,3
driven,3
shift,3
helps,3
derived,3
heterogeneous,3
understanding,3
utilized,3
atrium,3
annotations,3
applicability,3
identify,3
hypertrophic,3
presence,3
semisupervised,3
ways,3
incorporating,3
explicitly,3
multisite,3
federated,3
enhanced,3
surrounding,3
produced,3
performing,3
initial,3
scarcity,3
groups,3
contours,3
causes,3
endsystolic,3
role,3
institutions,3
previous,3
supervised,3
therefore,3
collaborative,3
mainly,3
progress,3
n,3
long,3
wall,3
allowing,3
heterogeneity,3
labeled,3
towards,3
mvt,3
inspired,2
opens,2
pearson,2
optimizer,2
safe,2
mode,2
slice,2
frameworks,2
diagnose,2
p,2
distances,2
sharing,2
20,2
da,2
tumor,2
bayesian,2
deformable,2
tempera,2
error,2
finetuning,2
deformation,2
pyramid,2
radial,2
cmri,2
rfg1,2
apply,2
aepnet,2
geometric,2
weight,2
technology,2
female,2
steps,2
scanners,2
degrades,2
software,2
helping,2
automaticbasal,2
cinemri,2
visual,2
instead,2
congenital,2
six,2
noise,2
160,2
characterize,2
mms2021,2
elastic,2
energy,2
term,2
tackles,2
last,2
enddiastolic,2
001,2
caused,2
123,2
regularize,2
538,2
intensive,2
situations,2
vascular,2
affect,2
plays,2
consider,2
assessed,2
smoothness,2
edge,2
patient,2
embed,2
descriptors,2
form,2
workflows,2
feddis,2
infarction,2
sclerosis,2
length,2
private,2
beneficial,2
227,2
organs,2
reveal,2
reached,2
middle,2
hearts,2
hampering,2
translation,2
practically,2
definitions,2
locally,2
limit,2
auxiliary,2
paired,2
hard,2
defining,2
gained,2
hospitals,2
actual,2
devices,2
prove,2
popular,2
subsequently,2
reducing,2
consisting,2
explained,2
lower,2
systolic,2
measures,2
diastolic,2
es,2
select,2
ed,2
interobserver,2
scanned,2
hrt2,2
widespread,2
considerably,2
greater,2
eg,2
transformerbased,2
failures,2
planes,2
common,2
leverage,2
reconstructed,2
divergent,2
yielded,2
inconsistency,2
employ,2
correlations,2
swarm,2
compactness,2
force,2
ones,2
outofdistribution,2
separation,2
transfusion,2
avagrad,2
enables,2
produce,2
qc,2
decision,2
making,2
outlier,2
computeraided,2
derive,2
qualities,2
next,2
physicians,2
attempt,2
attribute,2
captures,2
encoderdecoder,2
imagelevel,2
explanation,2
ie,2
capture,2
accuracies,2
identifies,2
highquality,2
360,2
remove,2
purposes,2
extract,2
replacing,2
employed,2
transition,2
assist,2
apical,2
expensive,2
degradation,2
replace,2
fedcrld,2
facilitate,2
benefits,2
functions,2
performances,2
server,2
pass,2
alone,2
svt,2
mvtexternal,2
collect,2
fullyautomatic,2
multimodal,2
thereby,2
fail,2
perspectives,2
choice,2
imagebased,2
vendor,2
abstractthe,2
collection,2
coming,2
around,2
plane,2
reported,2
usage,2
abstractdeep,2
risk,2
efficiently,2
argue,2
106,2
rate,2
112,2
leverages,2
perfusion,2
pose,2
index,2
usability,2
conducted,2
scientific,2
dramatically,2
indicate,2
location,2
conditional,2
handling,2
label,2
stopping,2
costs,2
synthesized,2
causing,2
efficacy,2
includes,2
blindtested,2
tackling,2
23,2
matching,2
combined,2
histogram,2
observe,2
gans,2
slightly,2
physicsbased,2
9,2
multitissue,2
versus,2
similarity,2
requiring,2
faster,2
deviations,2
artifacts,2
integration,2
diagnostic,2
ukb,2
rfg2,2
purpose,2
biventricular,2
must,2
group,2
fast,2
estimates,2
factor,2
highperforming,2
class,2
biomarkers,2
posterior,2
reviews,2
distinguishes,2
90,2
normal,2
classifier,2
captured,2
help,2
every,2
illustrated,2
philips,2
electric,2
scaling,2
processes,2
siemens,2
dynamics,2
deformations,2
targeted,2
drop,2
physiological,2
respective,2
002,2
downstream,2
pulmonary,2
delineation,2
risks,2
manner,2
topic,2
occur,2
32,2
facilitating,2
hampered,2
constrained,2
ssl,2
account,2
modality,2
extended,2
focusing,2
recognition,2
systematically,2
analyzing,2
impact,2
size,2
preserving,2
exhibit,2
radiotherapy,2
introduction,2
effects,2
valves,2
modelling,2
modelled,2
ratio,2
mda,2
achieving,2
remarkable,2
nodes,2
requirements,2
vessels,2
methodologies,2
practical,2
criteria,2
survey,2
18,2
radiology,2
unique,2
point,2
categorizing,2
fcn,2
independently,2
interdomain,2
biological,2
transform,2
theoretically,2
rvef,2
crossvalidation,2
needed,2
updated,2
dl2,2
wider,2
analyses,2
relies,2
categories,2
50,2
efforts,2
correlated,2
vs,2
artery,2
coronary,2
limits,2
acquiring,2
deeper,2
overcome,2
properties,2
relationship,2
atrialjsqnet,2
inherent,2
scheme,2
multitask,2
incorporate,2
patches,2
another,2
code,2
consideration,2
threedimensional,2
question,2
axial,2
autoencoder,2
ctaemnet,2
within,2
latest,2
final,2
constraint,2
complementary,2
considerable,2
found,2
typically,2
capable,2
previously,2
msd,2
multitude,2
difficulties,2
dealing,2
winner,2
drawn,2
rtof,2
filtering,2
algorithmic,2
non,2
aid,2
numerous,2
rapid,2
power,2
routine,2
investigated,2
standard,2
expertise,2
scales,2
successful,2
remain,2
utnet,2
powerful,2
integrates,2
enhancing,2
longrange,2
dependency,2
relative,2
demonstrates,2
position,2
approximate,2
recover,2
mae,2
amounts,2
inductive,2
initialization,2
multilabel,2
systematic,2
types,2
mining,2
alleviate,2
disentangling,2
reconstruct,2
limited,2
insufficient,2
labelled,2
crossdomain,2
importance,2
sample,2
proposing,2
simulate,2
hierarchical,2
dual,2
ahdc,2
bai,2
hdc,2
learns,2
mutual,2
builds,2
finance,2
metalearning,2
technical,2
community,2
report,2
evaluating,2
health,2
cerebrospinal,2
suffer,2
applicable,2
protocolsscanners,2
promote,2
iseg2019,2
gradientbased,2
university,2
reviewed,2
presenting,2
landmark,2
hope,2
generalising,2
termed,2
attributed,2
result,2
evidence,2
texture,2
onevsrest,2
thickness,2
dimensions,2
easily,2
problematic,2
lvnc,2
either,2
analyzed,2
base,2
forest,2
support,2
attrivae,2
nevertheless,2
near,2
readers,2
random,2
variable,2
cfd,2
firstorder,2
computerassisted,2
quantify,2
tedious,2
mrisegmentationdeep,2
enhance,2
cavities,2
conditions,2
summarized,2
brief,2
history,2
stages,2
21,2
realistic,2
family,2
progression,2
characterization,2
af,2
cnns,2
increasingly,2
physical,2
detail,2
attributes,2
signatures,2
behind,2
built,2
findings,2
components,2
added,2
unstable,1
multisource,1
pairs,1
months,1
enddiastole,1
insight,1
saves,1
publically,1
leaving,1
realisticlooking,1
cardiacs,1
keeping,1
difficulty,1
translate,1
smaller,1
analyse,1
radiologists,1
diagnosed,1
advantage,1
implement,1
arrhythmogenic,1
represents,1
1224,1
highfidelity,1
days,1
regunets,1
normalizes,1
normalization,1
multisources,1
utilizing,1
stabilize,1
database,1
ventriculars,1
regunet,1
figures,1
clientspecific,1
extracting,1
min,1
discusses,1
domaininvariant,1
thoroughly,1
personalization,1
takes,1
aggregation,1
kpmg,1
institute,1
institutes,1
parameter,1
disentangle,1
mitigate,1
whereby,1
cancer,1
9974,1
8333,1
technologies,1
4045,1
companies,1
regionaware,1
interfere,1
forecasts,1
delineates,1
diagnosing,1
descriptions,1
investment,1
77,1
usd,1
107,1
whereas,1
2025,1
technically,1
differentiates,1
plan,1
tfcwe,1
already,1
092,1
κ,1
surpassing,1
088099,1
078099,1
volumetric,1
confidentiality,1
92,1
showing,1
imagingbased,1
proper,1
chamber,1
sensitivity,1
089,1
59,1
doctors,1
monitor,1
concerns,1
production,1
098,1
less,1
endsystole,1
stroke,1
errorprone,1
plans,1
succeeded,1
daily,1
providing,1
automation,1
graphical,1
industries,1
part,1
transportation,1
opensource,1
performancecombining,1
contextual,1
176,1
behavior,1
369,1
correction,1
reasoning,1
primary,1
processed,1
maintain,1
maskconditional,1
shares,1
members,1
typical,1
atrisk,1
movement,1
sending,1
user,1
infancy,1
fulfilling,1
suspected,1
dicecoefficient,1
send,1
hunger,1
tumoursglioblastoma,1
157,1
invasive,1
describes,1
47,1
properly,1
arises,1
intrinsically,1
181,1
396,1
70,1
cmrs,1
κautomatic,1
kappa,1
cohens,1
solve,1
eliminating,1
greatly,1
currently,1
considering,1
intersubject,1
infeasible,1
throughplane,1
ultimate,1
internal,1
advancing,1
validate,1
12,1
euclidean,1
atlasbased,1
quantities,1
abstractjoint,1
characterizing,1
strains,1
prognostication,1
deployment,1
straightforward,1
varying,1
yielding,1
reconstructing,1
latentspacebased,1
deeprecon,1
insights,1
segmentationinformed,1
performancekeywords3d,1
adaption,1
fronts,1
interpretable,1
latentspace,1
pattern,1
4d,1
utility,1
generates,1
broadly,1
cardiology,1
deal,1
repaired,1
tetralogy,1
highresolution,1
fallot,1
vast,1
absolute,1
transformations,1
mriganlatent,1
implementing,1
implicitly,1
reliably,1
endusers,1
trusted,1
generic,1
explicit,1
created,1
governing,1
impose,1
deploy,1
adopted,1
parties,1
summary,1
assumptions,1
inverse,1
illposed,1
pointofcare,1
developing,1
mitigation,1
atlas,1
applicationspecific,1
biomechanicsinformed,1
19,1
similar,1
search,1
learnt,1
traversing,1
plausible,1
biomechanically,1
manifold,1
voxel,1
05,1
networkparameterized,1
07,1
way,1
reallife,1
autoencoderbased,1
zscore,1
modes,1
forces,1
trustworthiness,1
reconstructioncardiac,1
abstractin,1
highgrade,1
underperforms,1
keywordsnnunetsegmentationbrain,1
relation,1
taskrelevant,1
content,1
datain,1
475,1
153,1
frequency,1
95,1
09300,1
08843,1
08760,1
prevent,1
compound,1
ten,1
build,1
growing,1
aggressive,1
regionbased,1
characteristic,1
tumorloss,1
advent,1
curate,1
hindering,1
reviewing,1
1532,1
unsupervised,1
collaboratively,1
susceptible,1
regulations,1
quantity,1
picking,1
correlate,1
arisen,1
currentapproaches,1
spurious,1
substantial,1
signal,1
shortcuts,1
example,1
frequencies,1
7,1
brats,1
advanced,1
motivated,1
cet1,1
cochlea,1
laplacian,1
tumour,1
gabor,1
schwannoma,1
modelagnostic,1
vestibular,1
suggest,1
shiftkeywordsfeaturelevel,1
crossmodality,1
labelpreserving,1
reinforcing,1
cyclegan,1
regularizationimage,1
belonging,1
aibased,1
filteringrobustnessdomain,1
tool,1
semanticallyconsistent,1
obtains,1
073,1
filters,1
solely,1
longterm,1
frequencyspecific,1
randomized,1
multimodel,1
acts,1
featurelevel,1
abstractbrain,1
learningnnunetcyclegan,1
049,1
vsdeep,1
adaptationvestibular,1
cet1keywordsdomain,1
smoothing,1
alternative,1
lowercost,1
safer,1
realworld,1
scattered,1
095149,1
fullyautomatically,1
207,1
thresholding,1
originated,1
multilevel,1
outstanding,1
bear,1
resemblance,1
particle,1
aided,1
obstacle,1
states,1
inquire,1
status,1
diseased,1
inferencestochastic,1
estimationvariational,1
keywordsnnunetuncertainty,1
quo,1
strengthens,1
ask,1
thinking,1
began,1
separating,1
aorta,1
0828,1
moment,1
andarea,1
circularity,1
elongation,1
selected,1
95th,1
exceed,1
percentile,1
prevalence,1
4745,1
heldout,1
lung,1
anova,1
box,1
bounding,1
primarily,1
technological,1
marginalizing,1
ease,1
intact,1
discussions,1
passkeywordsuncertainty,1
multiclass,1
entropy,1
epistemic,1
specifies,1
implications,1
rationale,1
leads,1
utilisation,1
comparing,1
mechanics,1
abstractuncertainty,1
learningmomentum,1
learningcontractive,1
httpsgithubcomjerryqseufedcrldkeywordsfederated,1
8596,1
fcns,1
agents,1
physiology,1
estimationdeep,1
keeps,1
fundamentals,1
meanfield,1
setting,1
carlo,1
monte,1
notice,1
response,1
inquiry,1
supply,1
extraordinary,1
organization,1
comparison,1
evolving,1
selfconfiguring,1
neither,1
offer,1
progresses,1
lies,1
learningsegmentation,1
inertia,1
equivalents,1
taggedappearing,1
enforces,1
switching,1
interaction,1
robustnesskeywordsmedical,1
fewer,1
update,1
minimization,1
dissimilarity,1
simulations,1
timeframes,1
pivotal,1
testable,1
modelguided,1
forward,1
adaptive,1
uncovering,1
coupled,1
multiresolution,1
appropriate,1
fluidstructure,1
registrationdeep,1
unrolled,1
contents,1
acrossscanner,1
capabilities,1
patientspecific,1
mitigated,1
impacting,1
stochastic,1
vasculature,1
spanning,1
irrelevant,1
learningunrolled,1
drive,1
surgery,1
device,1
speeds,1
unets,1
hypotheses,1
impactful,1
sometimes,1
aimed,1
embeds,1
xy,1
converge,1
seems,1
nnunets,1
computerizing,1
mimic,1
cinetotagged,1
physicsdriven,1
28,1
percentage,1
scratch,1
valid,1
tried,1
bestperforming,1
default,1
unpaired,1
yy,1
1000,1
structurepreserving,1
surgical,1
resnet,1
tagged,1
mechanobiological,1
pairwise,1
gradirn,1
networkbased,1
perspective,1
optimizationbased,1
outline,1
forwardpass,1
iterative,1
streamline,1
measurement,1
exist,1
drastically,1
beyond,1
match,1
displacement,1
amortize,1
subsequent,1
initializing,1
clarity,1
spottunet,1
420,1
bank,1
highstake,1
motto,1
tomography,1
thirty,1
fit,1
contoured,1
ponder,1
demonstrating,1
multistage,1
multiatlas,1
integrate,1
depends,1
smoothly,1
arteries,1
conduction,1
occurred,1
attentionbased,1
classical,1
enforcing,1
abstractdisentangling,1
anatomically,1
attributebased,1
substructure,1
saliency,1
cardiotoxicities,1
suggests,1
regularized,1
established,1
presents,1
associate,1
ensures,1
doses,1
deliver,1
integrating,1
minimizing,1
constraints,1
lacking,1
potentialities,1
retrospective,1
claims,1
predecessors,1
naturally,1
attractive,1
earlier,1
suggesting,1
imagetoimage,1
taskskeywordsdisentangleharmonizationdomain,1
foremost,1
ranged,1
individual,1
77197,1
optimized,1
expanded,1
reduction,1
visualization,1
maximum,1
augmenting,1
counterpart,1
autoencoders,1
replacement,1
except,1
held,1
deeplearning,1
022053,1
borderline,1
popularity,1
domainrelated,1
cost,1
generally,1
acceptable,1
variation,1
fed,1
artefacts,1
atypical,1
median,1
creating,1
comparisons,1
informationbased,1
simplify,1
try,1
expertdependent,1
3d4d,1
081093,1
043076,1
quantitatively,1
posthoc,1
concludes,1
dynamically,1
dimension,1
crosscenter,1
lacks,1
helfpul,1
taking,1
worse,1
clients,1
interpret,1
principle,1
distinct,1
depending,1
trajectory,1
exposure,1
vastly,1
stop,1
distinguish,1
longdistance,1
modifying,1
away,1
crosssequence,1
policies,1
client,1
clientcorrelated,1
option,1
selftraining,1
conducting,1
md,1
distillation,1
silently,1
momentum,1
hemodynamics,1
crossattention,1
contrastive,1
embedding,1
crl,1
changes,1
formulation,1
arrives,1
relocalization,1
applying,1
addon,1
biased,1
experiment,1
lines,1
103,1
tradeoff,1
interpretation,1
crossview,1
difa,1
poissiondisc,1
transferring,1
merge,1
immediately,1
lt,1
unaligned,1
outperformed,1
computation,1
worstcase,1
nonalignment,1
betterdisentangled,1
certain,1
thoracic,1
breast,1
labellimited,1
clinicallyrelevant,1
allowed,1
keywordscardiac,1
brings,1
users,1
larger,1
imbalanced,1
outperforming,1
multisequence,1
inpaintingbased,1
abstractfederated,1
pretext,1
msa,1
restoration,1
selfsupervised,1
fidelity,1
versions,1
ms2,1
correspondence,1
combination,1
determine,1
abstractcombining,1
categorized,1
001deepstrain,1
vector,1
petersen,1
fractionlvef,1
runlength,1
matrix,1
cooccurrence,1
volunteers,1
37,1
25,1
118,1
overlapping,1
differentiate,1
capacity,1
textural,1
grayscale,1
encode,1
hypertrabeculation,1
alternatively,1
genetics,1
ecg,1
electrocardiography,1
definitive,1
reach,1
traits,1
jacquier,1
machinesvm,1
desired,1
logistic,1
interexpert,1
intra,1
subject,1
stratification,1
pathophysiology,1
extent,1
visualize,1
fibrillation,1
ablation,1
methodskeywordscardiac,1
fusing,1
atria,1
confused,1
employing,1
illdefined,1
abstractefficient,1
differential,1
quantifying,1
discriminative,1
095,1
rocauc,1
classifierrf,1
regressionlr,1
morphological,1
noncompaction,1
picture,1
coupling,1
measured,1
largest,1
identified,1
domainspecific,1
poorly,1
commercially,1
geometry,1
population,1
afforded,1
2318s,1
12025,1
969s,1
notationlatexpmtexmathinlineformula,1
xmlnsxlinkhttpwwww3org1999xlinktexmath,1
xmlnsmmlhttpwwww3org1998mathmathml,1
inlineformula,1
4972,1
highest,1
9018,1
8643,1
closely,1
convergence,1
facilitates,1
version,1
dl1,1
laboratory,1
053,1
paradigms,1
tailored,1
awareness,1
synthesisreconstruction,1
fullstack,1
dominated,1
underscore,1
whose,1
crossvalidated,1
080,1
narrower,1
dlrvef,1
042,1
087,1
dl1rvef,1
dl2rvef,1
feasibility,1
dlrvefs,1
classifications,1
3550,1
blandaltman,1
corervef,1
automating,1
underresearched,1
pressure,1
08358,1
ibsr,1
predictor,1
boundaryaware,1
autogenerated,1
fails,1
vanilla,1
intothe,1
sqa,1
transforming,1
idea,1
guaranteeing,1
regarded,1
regarding,1
trends,1
bringing,1
incurring,1
flag,1
simpler,1
corresponds,1
category,1
families,1
categorize,1
give,1
v20,1
08164,1
summarize,1
taskand,1
containing,1
physics,1
pulse,1
cvds,1
ranging,1
covers,1
communities,1
diversity,1
viability,1
priority,1
prevention,1
billion,1
800,1
year,1
worldwide,1
deaths,1
17,1
mortality,1
morbidity,1
cause,1
verifies,1
inferred,1
09873,1
formal,1
afterwards,1
stagnation,1
symptoms,1
backgrounds,1
considers,1
nn,1
regularisation,1
curvature,1
highlow,1
hybridfusion,1
modeldatadriven,1
datadriven,1
consequently,1
continuity,1
cannot,1
pixel,1
nnbased,1
researched,1
nns,1
speed,1
calculation,1
followup,1
scope,1
aforementioned,1
outlined,1
afrelated,1
combines,1
contour,1
adds,1
colour,1
highlight,1
brought,1
illustrate,1
evolution,1
unmet,1
bring,1
deployed,1
inspections,1
mid2010s,1
rise,1
fundus,1
unsmooth,1
remote,1
analysed,1
hlffm,1
lowlevel,1
highlevel,1
channel,1
dpfem,1
dualpath,1
phenomenon,1
purely,1
direct,1
multitasking,1
aemnet,1
bcp,1
unc,1
rainingvalidation,1
participating,1
6month,1
httpiseg2019webuncedu,1
methodological,1
owever,1
h,1
csf,1
gm,1
gray,1
wm,1
matter,1
white,1
infant,1
disorder,1
guidelines,1
similarities,1
explanations,1
nine,1
searches,1
keyword,1
narrative,1
uncumn,1
stanford,1
voting,1
emory,1
mismatch,1
significance,1
benchmarks,1
true,1
regime,1
meanwhile,1
effort,1
scalable,1
handle,1
metatest,1
metatrain,1
split,1
statistics,1
attract,1
pointed,1
curves,1
gyral,1
pipelinesimplementations,1
detailing,1
topranked,1
8,1
participated,1
writing,1
incorporated,1
decisionmaking,1
concerning,1
specifics,1
hypothesized,1
isolation,1
organized,1
given,1
comparative,1
facto,1
de,1
international,1
holding,1
huge,1
dilemma,1
addresses,1
connections,1
skipped,1
details,1
finegrained,1
on2,1
operation,1
overhead,1
minimal,1
applies,1
selfattention,1
unexplored,1
potentially,1
customdesigned,1
decathlon,1
retrained,1
blackboxes,1
referred,1
accountability,1
fair,1
transparent,1
principles,1
conform,1
owing,1
commoditized,1
surrogate,1
mature,1
biomedical,1
confirming,1
generalizing,1
continued,1
monitoring,1
preserved,1
confirmed,1
objects,1
unbalanced,1
encountered,1
compete,1
hinder,1
iadaptive,1
consistencyi,1
underpowered,1
joint,1
embedded,1
implicit,1
onto,1
intrinsic,1
ignored,1
solved,1
normally,1
sensitive,1
federatively,1
centralized,1
180,1
setups,1
action,1
3dcnn,1
adapt,1
subsets,1
diligent,1
promises,1
preserves,1
distributed,1
taken,1
questionable,1
se,1
noisy,1
60,1
cascaded,1
determined,1
coronal,1
sagittal,1
aemnets,1
mnets,1
subnetwork,1
presegmented,1
subnetworks,1
mnet,1
triplanar,1
poses,1
postablation,1
conspicuity,1
gadoliniumenhanced,1
httpszmiclabgithubioprojectshtml,1
released,1
relatedness,1
fibrosis,1
isbi2012,1
preablation,1
explored,1
miccai2018,1
singlecenter,1
world,1
bidirectional,1
interdisciplinary,1
revisit,1
motivate,1
tutorial,1
prospects,1
tantalising,1
offers,1
alleviation,1
modest,1
finetuned,1
absence,1
even,1
indicated,1
lgecmr,1
las,1
exploit,1
targets,1
intradomain,1
dualmodelling,1
paradigm,1
investigates,1
adversarially,1
overcomes,1
inference,1
emphasising,1
exemplar,1
links,1
look,1
reader,1
interested,1
concise,1
broad,1
intended,1
merits,1
discussing,1
influential,1
sections,1
cover,1
take,1
opportunities,1
procedure,1
implementation,1
summarizing,1
solving,1
advancements,1
entire,1
throughout,1
finding,1
past,1
rapidly,1
formed,1
parametric,1
perceived,1
assembles,1
multidecoder,1
multiencoder,1
simultaneous,1
sala,1
imbalance,1
learningsegmentationclass,1
resonancedeep,1
taskkeywordscardiac,1
lead,1
regionspecific,1
followed,1
cardiacregion,1
seen,1
choose,1
batch,1
nonuniform,1
noncardiac,1
assigned,1
321,1
4228,1
nhs,1
disagreement,1
sources,1
pair,1
extremely,1
009,1
synergistic,1
networkconvolutional,1
sequencedeep,1
sequencelongaxis,1
ventriclesegmentationshortaxis,1
imagingright,1
imagingmagnetic,1
6mathrmkeywordscardiac,1
5mathrm,1
mathrmdsc,1
sigma,1
9040mathrm,1
9140mathrm,1
regurgitation,1
tricuspidal,1
8963mathrm,1
9141mathrm,1
exhibited,1
81,1
896,1
91,1
multiphase,1
multi,1
root,1
fact,1
oftenoverlooked,1
situated,1
abstractcurrent,1
diffeomorphic,1
consuming,1
broader,1
tuning,1
hyperparameter,1
consistently,1
graymatter,1
whitematter,1
skullstripping,1
investigating,1
resilient,1
updates,1
hardware,1
expected,1
degrade,1
machinelearningbased,1
imply,1
removal,1
conclusion,1
022,1
060,1
028,1
045,1
represent,1
parameterizes,1
rotational,1
curriculum,1
unknown,1
generalise,1
stabilise,1
aggregate,1
sign,1
third,1
adopt,1
subjectively,1
gradually,1
easytohard,1
spirit,1
exacting,1
threefold,1
contribution,1
priori,1
textita,1
known,1
variations,1
involving,1
pronounced,1
intensities,1
nonlearning,1
networkunet,1
abstractalthough,1
walls,1
cascadefourier,1
young,1
asymptomatic,1
learningdeformable,1
ventriclesegmentationdeep,1
volumetrykeywordsright,1
refined,1
stack,1
refinementcardiac,1
controlsemisupervised,1
detectionquality,1
respectivelykeywordsoutofdistribution,1
10472,1
0905,1
reporting,1
adapting,1
feedback,1
proxy,1
assumption,1
upon,1
learningcardiac,1
matchingdeep,1
segmentationhistogram,1
unetmultidomain,1
adults,1
factorsan,1
deepstrain,1
119,1
arterial,1
negatively,1
body,1
multivariate,1
septal,1
earlydiastolic,1
evidenced,1
signs,1
leftventricular,1
39,1
consisted,1
aged,1
evaluatedthe,1
circumferential,1
deepstrainbased,1
regardless,1
rfg,1
gendermatched,1
age,1
recruited,1
prospectively,1
1845,1
adaptationattention,1
cascadecrossover,1
delineate,1
003keywordsmultiview,1
0836,1
incorporates,1
transfers,1
designs,1
multipass,1
2d3d,1
multiinputoutput,1
abstractassessing,1
ventricleimage,1
networksright,1
imagingdeep,1
respectivelykeywordscardiac,1
616,1
1005,1
908,1
9171,1
9273,1
9247,1
blinded,1
organizers,1
conference,1
hosted,1
selfadapting,1
0798,1
2631,1
3119,1
crossover,1
sim,1
increases,1
fourier,1
distortions,1
grid,1
balance,1
crop,1
paths,1
augmentations,1
cascade,1
limiting,1
incorporation,1
multidomain,1
decreases,1
singledomain,1
humanlevel,1
abstractcardiac,1
transformerfeature,1
networkspatial,1
ventriclesegmentationmultiview2d3d,1
mriright,1
workflowskeywordscardiac,1
worst,1
079,1
countermeasures,1
guide,1
list,1
date,1
blood,1
abdomen,1
chest,1
neck,1
head,1
2013,1
hundred,1
access,1
nonmedical,1
makes,1
funding,1
restrictions,1
ethical,1
bottleneck,1
creates,1
datadependent,1
comes,1
always,1
humanlike,1
proves,1
fields,1
universal,1
route,1
008,1
topics,1
cheap,1
opportunity,1
level,1
decent,1
gets,1
fractions,1
classic,1
done,1
groundtruth,1
nonexpert,1
enet,1
gauged,1
creation,1
requirement,1
strict,1
whether,1
utterly,1
slow,1
curated,1
unfortunately,1
like,1
defacto,1
leaderboards,1
success,1
astounding,1
satisfying,1
dice0810,1
pixellevel,1
perclass,1
referencebased,1
opinions,1
professional,1
measuring,1
poorquality,1
avoid,1
inferior,1
inevitably,1
welltrained,1
deploying,1
relevance,1
reconstructions,1
5,1
showcased,1
respiratory,1
temporal,1
acceleration,1
cope,1
patientcentered,1
exam,1
described,1
locate,1
missegmented,1
following,1
investigator,1
dice0608,1
mediumquality,1
dice006,1
lowquality,1
mscmr,1
wronglysegmented,1
separable,1
correctlysegmented,1
classaware,1
equipped,1
effectively,1
informative,1
deduce,1
indicator,1
would,1
generator,1
selfreflective,1
recovering,1
instantiate,1
expose,1
relationships,1
references,1
abstractright,1
intensity,1
unclear,1
uk,1
coefficients,1
2dbased,1
edp,1
depthwise,1
expansion,1
structural,1
series,1
connection,1
skip,1
block,1
lightweight,1
cater,1
germany,1
spain,1
cuttingedge,1
emergence,1
catching,1
started,1
sift,1
attributable,1
reveals,1
anomalies,1
detected,1
dc,1
mrikeywordscmr,1
segmentationdeep,1
encoded,1
078,1
balanced,1
gave,1
piecewise,1
degrading,1
expense,1
able,1
combat,1
harmonisation,1
normalised,1
centrerelated,1
modelsright,1
extracted,1
radiomic,1
divided,1
218,1
normalisation,1
featurebased,1
singlecentre,1
phenotyping,1
ensembletta,1
ventriclepost,1
biobank,1
20000,1
tend,1
versatility,1
965,1
932,1
852,1
n80,1
magnet,1
holdout,1
radiologist,1
479,1
n234,1
n10,1
n17,1
cardisort,1
twohead,1
retrospectively,1
postprocessing,1
classify,1
objectives,1
mriinformation,1
segmentationshortaxis,1
httpsgithubcomnanyomymms2keywordsrv,1
consist,1
ambiguous,1
transformed,1
981,1
927,1
930,1
mixture,1
mstep,1
estep,1
probabilities,1
soft,1
computes,1
em,1
expectationmaximisation,1
gibbs,1
uniform,1
inlier,1
excessive,1
underrepresented,1
dependencies,1
recurrent,1
probabilistic,1
labour,1
altering,1
suboptimal,1
screening,1
completely,1
refinement,1
component,1
cardiacatlasorg,1
